word,cefr,part_of_speech
the,A1,other
of,A1,other
and,A1,other
to,A1,other
in,A1,other
is,A1,other
you,A1,other
it,A1,other
that,A1,other
he,A1,other
was,A1,other
for,A1,other
on,A1,other
are,A1,other
as,A1,other
with,A1,other
his,A1,other
they,A1,other
at,A1,other
be,A1,other
this,A1,other
have,A1,other
from,A1,other
or,A1,other
one,A1,other
had,A1,other
by,A1,other
word,A1,other
but,A1,other
not,A1,other
what,A1,other
all,A1,other
were,A1,other
we,A1,other
when,A1,other
your,A1,other
can,A1,other
said,A1,other
there,A1,other
use,A1,other
an,A1,other
each,A1,other
which,A1,other
she,A1,other
do,A1,other
how,A1,other
their,A1,other
if,A1,other
will,A1,other
up,A1,other
other,A1,other
about,A1,other
out,A1,other
many,A1,other
then,A1,other
them,A1,other
these,A1,other
so,A1,other
some,A1,other
her,A1,other
would,A1,other
make,A1,other
like,A1,other
him,A1,other
into,A1,other
time,A1,other
has,A1,other
look,A1,other
two,A1,other
more,A1,other
write,A1,other
go,A1,other
see,A1,other
number,A1,other
no,A1,other
way,A1,other
could,A1,other
people,A1,other
my,A1,other
than,A1,other
first,A1,other
water,A1,other
been,A1,other
call,A1,other
who,A1,other
oil,A1,other
its,A1,other
now,A1,other
find,A1,other
long,A1,other
down,A1,other
day,A1,other
did,A1,other
get,A1,other
come,A1,other
made,A1,other
may,A1,other
part,A1,other
away,A1,other
big,A1,other
blue,A1,other
funny,A1,other
help,A1,other
here,A1,other
jump,A1,other
little,A1,other
me,A1,other
play,A1,other
red,A1,other
run,A1,other
three,A1,other
where,A1,other
yellow,A1,other
aaa,A1,other
aaberg,A1,other
aachen,A1,other
aachener,A1,other
aaker,A1,other
aalborg,A1,other
aalburg,A1,other
aalen,A1,other
aaliyah,A1,other
aalseth,A1,other
aalsmeer,A1,other
aalto,A1,other
aamodt,A1,other
aancor,A1,other
aardema,A1,other
aardvark,A1,other
aardvarks,A1,other
aargh,A1,other
aarhus,A1,other
aaron,A1,other
aarons,A1,other
aaronson,A1,other
aarti,A1,other
aase,A1,other
aasen,A1,other
ab,A1,other
aba,A1,other
ababa,A1,other
abacha,A1,other
aback,A1,other
abaco,A1,other
abacus,A1,other
abad,A1,other
abadaka,A1,other
abadi,A1,other
abadie,A1,other
abair,A1,other
abalkin,A1,other
abalone,A1,other
abalones,A1,other
abalos,A1,other
abandon,A1,other
abandoned,A1,other
abandoning,A1,other
abandons,A1,other
abanto,A1,other
abarca,A1,other
abare,A1,other
abascal,A1,other
abash,A1,other
abashed,A1,other
abasia,A1,other
abate,A1,other
abated,A1,other
abatement,A1,other
abatements,A1,other
abates,A1,other
abating,A1,other
abattoir,A1,other
abba,A1,other
abbado,A1,other
abbas,A1,other
abbasi,A1,other
abbate,A1,other
abbatiello,A1,other
abbe,A1,other
abbenhaus,A1,other
abbett,A1,other
abbeville,A1,other
abbey,A1,other
abbie,A1,other
abbitt,A1,other
abbot,A1,other
abbotstown,A1,other
abbott,A1,other
abboud,A1,other
abbreviate,A1,other
abbruzzese,A1,other
abbs,A1,other
abby,A1,other
abc,A1,other
abco,A1,other
abcotek,A1,other
abcs,A1,other
abd,A1,other
abdalla,A1,other
abdallah,A1,other
abdel,A1,other
abdella,A1,other
abdicate,A1,other
abdicated,A1,other
abdicates,A1,other
abdicating,A1,other
abdication,A1,other
abdnor,A1,other
abdo,A1,other
abdollah,A1,other
abdomen,A1,other
abdominal,A1,other
abduct,A1,other
abducted,A1,other
abductee,A1,other
abductees,A1,other
abducting,A1,other
abduction,A1,other
abductions,A1,other
abductor,A1,other
abductors,A1,other
abducts,A1,other
abdul,A1,other
abdulaziz,A1,other
abdulla,A1,other
abdullah,A1,other
abe,A1,other
abed,A1,other
abedi,A1,other
abee,A1,other
abel,A1,other
abela,A1,other
abelard,A1,other
abele,A1,other
abeles,A1,other
abell,A1,other
abella,A1,other
abeln,A1,other
abelow,A1,other
abels,A1,other
abelson,A1,other
abend,A1,other
abendroth,A1,other
aber,A1,other
aberdeen,A1,other
aberford,A1,other
aberg,A1,other
aberle,A1,other
abermin,A1,other
abernathy,A1,other
abernethy,A1,other
aberrant,A1,other
aberration,A1,other
abert,A1,other
abet,A1,other
abetted,A1,other
abetting,A1,other
abex,A1,other
abeyance,A1,other
abeyta,A1,other
abhor,A1,other
abhorred,A1,other
abhorrence,A1,other
abhorrent,A1,other
abhors,A1,other
abiam,A1,other
abid,A1,other
abide,A1,other
abided,A1,other
abides,A1,other
abiding,A1,other
abidjan,A1,other
abie,A1,other
abigail,A1,other
abila,A1,other
abilene,A1,other
abilities,A1,other
ability,A1,other
abimael,A1,other
abimaels,A1,other
abingdon,A1,other
abington,A1,other
abio,A1,other
abiola,A1,other
abiomed,A1,other
abiquiu,A1,other
abitibi,A1,other
abitz,A1,other
abject,A1,other
abkhazia,A1,other
abkhazian,A1,other
abkhazians,A1,other
ablate,A1,other
ablation,A1,other
ablaze,A1,other
able,A1,other
abled,A1,other
abler,A1,other
ables,A1,other
ablest,A1,other
abloom,A1,other
ablution,A1,other
ablutions,A1,other
ably,A1,other
abnegation,A1,other
abner,A1,other
abney,A1,other
abnormal,A1,other
abnormally,A1,other
abo,A1,other
aboard,A1,other
abode,A1,other
abohalima,A1,other
abolish,A1,other
abolished,A1,other
abolishes,A1,other
abolishing,A1,other
abolition,A1,other
abominable,A1,other
abood,A1,other
aboodi,A1,other
abor,A1,other
aboriginal,A1,other
aborigine,A1,other
aborigines,A1,other
aborn,A1,other
abort,A1,other
aborted,A1,other
aborting,A1,other
abortion,A1,other
abortions,A1,other
abortive,A1,other
aborts,A1,other
abott,A1,other
abou,A1,other
aboud,A1,other
abouhalima,A1,other
abound,A1,other
abounded,A1,other
abounding,A1,other
abounds,A1,other
above,A1,other
aboveboard,A1,other
abplanalp,A1,other
abra,A1,other
abrade,A1,other
abraded,A1,other
abrades,A1,other
abraham,A1,other
abrahamian,A1,other
abrahams,A1,other
abrahamsen,A1,other
abrahamson,A1,other
abram,A1,other
abramczyk,A1,other
abramo,A1,other
abramovitz,A1,other
abramowicz,A1,other
abramowitz,A1,other
abrams,A1,other
abramson,A1,other
abrasion,A1,other
abrasions,A1,other
abrasive,A1,other
abrasives,A1,other
abraxa,A1,other
abraxas,A1,other
abreast,A1,other
abrego,A1,other
abreu,A1,other
abridge,A1,other
abridged,A1,other
abridges,A1,other
abridging,A1,other
abril,A1,other
abroad,A1,other
abrogate,A1,other
abrogated,A1,other
abrogating,A1,other
abrogation,A1,other
abrol,A1,other
abron,A1,other
abrupt,A1,other
abruptly,A1,other
abruptness,A1,other
abrutyn,A1,other
abruzzese,A1,other
abruzzo,A1,other
abs,A1,other
absalom,A1,other
absaraka,A1,other
abscam,A1,other
abscess,A1,other
abscond,A1,other
absconded,A1,other
absconding,A1,other
absconds,A1,other
absecon,A1,other
absence,A1,other
absences,A1,other
absent,A1,other
absentee,A1,other
absentees,A1,other
absentia,A1,other
absher,A1,other
abshier,A1,other
abshire,A1,other
absinthe,A1,other
abso,A1,other
absolom,A1,other
absolut,A1,other
absolute,A1,other
absolutely,A1,other
absolutes,A1,other
absolution,A1,other
absolutism,A1,other
absolutist,A1,other
absolve,A1,other
absolved,A1,other
absolves,A1,other
absolving,A1,other
absorb,A1,other
absorbed,A1,other
absorbency,A1,other
absorbent,A1,other
absorber,A1,other
absorbers,A1,other
absorbing,A1,other
absorbs,A1,other
absorption,A1,other
abstain,A1,other
abstained,A1,other
abstaining,A1,other
abstention,A1,other
abstinence,A1,other
abstinent,A1,other
abston,A1,other
abstract,A1,other
abstracted,A1,other
abstracts,A1,other
abstruse,A1,other
absurd,A1,other
absurdist,A1,other
absurdity,A1,other
absurdly,A1,other
abt,A1,other
abts,A1,other
abu,A1,other
abudrahm,A1,other
abuellah,A1,other
abuladze,A1,other
abundance,A1,other
abundant,A1,other
abundantly,A1,other
aburto,A1,other
abuse,A1,other
abused,A1,other
abuser,A1,other
abusers,A1,other
abuses,A1,other
abusing,A1,other
abusive,A1,other
abut,A1,other
abuts,A1,other
abutted,A1,other
abutting,A1,other
abuzz,A1,other
abysmal,A1,other
abysmally,A1,other
abyss,A1,other
abyssinia,A1,other
abyssinian,A1,other
abzug,A1,other
ac,A1,other
aca,A1,other
acacia,A1,other
academe,A1,other
academia,A1,other
academic,A1,other
academics,A1,other
academies,A1,other
academy,A1,other
acadia,A1,other
acaena,A1,other
acampo,A1,other
acampora,A1,other
acampsia,A1,other
acantha,A1,other
acapulco,A1,other
acary,A1,other
acc,A1,other
accardi,A1,other
accardo,A1,other
accede,A1,other
acceded,A1,other
accedes,A1,other
acceding,A1,other
accel,A1,other
accelerant,A1,other
accelerate,A1,other
accent,A1,other
accented,A1,other
accenting,A1,other
accents,A1,other
accentuate,A1,other
accenture,A1,other
accept,A1,other
acceptable,A1,other
acceptably,A1,other
acceptance,A1,other
accepted,A1,other
accepting,A1,other
accepts,A1,other
access,A1,other
accessed,A1,other
accessible,A1,other
accessing,A1,other
accession,A1,other
accessory,A1,other
accetta,A1,other
accident,A1,other
accidental,A1,other
accidently,A1,other
accidents,A1,other
accion,A1,other
accival,A1,other
acclaim,A1,other
acclaimed,A1,other
acclaiming,A1,other
acclaims,A1,other
acclimate,A1,other
acclimated,A1,other
acco,A1,other
accokeek,A1,other
accola,A1,other
accolade,A1,other
accolades,A1,other
accomando,A1,other
accompany,A1,other
accompli,A1,other
accomplice,A1,other
accomplish,A1,other
accor,A1,other
accord,A1,other
accordance,A1,other
accorded,A1,other
according,A1,other
accordion,A1,other
accordions,A1,other
accords,A1,other
accost,A1,other
accosted,A1,other
accosting,A1,other
account,A1,other
accountant,A1,other
accounted,A1,other
accountemp,A1,other
accounting,A1,other
accounts,A1,other
accra,A1,other
accredit,A1,other
accredited,A1,other
accreted,A1,other
accretion,A1,other
accrual,A1,other
accruals,A1,other
accrue,A1,other
accrued,A1,other
accrues,A1,other
accruing,A1,other
accu,A1,other
accuhealth,A1,other
accumulate,A1,other
accuracies,A1,other
accuracy,A1,other
accurate,A1,other
accurately,A1,other
accuray,A1,other
accuride,A1,other
accursed,A1,other
accurso,A1,other
accusation,A1,other
accusative,A1,other
accusatory,A1,other
accuse,A1,other
accused,A1,other
accuser,A1,other
accusers,A1,other
accuses,A1,other
accusing,A1,other
accusingly,A1,other
accustom,A1,other
accustomed,A1,other
accutane,A1,other
ace,A1,other
acecomm,A1,other
aced,A1,other
acer,A1,other
acerbic,A1,other
acero,A1,other
acerra,A2,other
aces,A2,other
acetate,A2,other
acetic,A2,other
aceto,A2,other
acetochlor,A2,other
acetone,A2,other
acetylene,A2,other
acevedo,A2,other
aceves,A2,other
acey,A2,other
ach,A2,other
achaean,A2,other
achatz,A2,other
ache,A2,other
achebe,A2,other
ached,A2,other
achee,A2,other
achenbach,A2,other
achenbaum,A2,other
achene,A2,other
achenes,A2,other
aches,A2,other
acheson,A2,other
achesons,A2,other
achey,A2,other
achieva,A2,other
achievable,A2,other
achieve,A2,other
achieved,A2,other
achiever,A2,other
achievers,A2,other
achieves,A2,other
achieving,A2,other
achill,A2,other
achille,A2,other
achilles,A2,other
aching,A2,other
achingly,A2,other
achmed,A2,other
achoa,A2,other
achoo,A2,other
achor,A2,other
achord,A2,other
achorn,A2,other
achtenberg,A2,other
achterberg,A2,other
achy,A2,other
acid,A2,other
acidic,A2,other
acidified,A2,other
acidifies,A2,other
acidify,A2,other
acidity,A2,other
acidly,A2,other
acidosis,A2,other
acids,A2,other
aciduria,A2,other
acierno,A2,other
ack,A2,other
acker,A2,other
ackerley,A2,other
ackerly,A2,other
ackerman,A2,other
ackermann,A2,other
ackerson,A2,other
ackert,A2,other
ackhouse,A2,other
ackland,A2,other
ackles,A2,other
ackley,A2,other
acklin,A2,other
ackman,A2,other
ackroyd,A2,other
acm,A2,other
acmat,A2,other
acme,A2,other
acne,A2,other
acocella,A2,other
acoff,A2,other
acog,A2,other
acolyte,A2,other
acolytes,A2,other
acomb,A2,other
acord,A2,other
acordia,A2,other
acorn,A2,other
acorns,A2,other
acosta,A2,other
acott,A2,other
acoustic,A2,other
acoustical,A2,other
acoustics,A2,other
acquaint,A2,other
acquainted,A2,other
acquaviva,A2,other
acquiesce,A2,other
acquiesced,A2,other
acquire,A2,other
acquired,A2,other
acquirer,A2,other
acquirers,A2,other
acquires,A2,other
acquiring,A2,other
acquit,A2,other
acquitaine,A2,other
acquits,A2,other
acquittal,A2,other
acquittals,A2,other
acquitted,A2,other
acquitting,A2,other
acre,A2,other
acreage,A2,other
acree,A2,other
acres,A2,other
acrey,A2,other
acri,A2,other
acrid,A2,other
acrimony,A2,other
acro,A2,other
acrobat,A2,other
acrobatic,A2,other
acrobatics,A2,other
acrobats,A2,other
acrolein,A2,other
acronym,A2,other
acronyms,A2,other
acropolis,A2,other
across,A2,other
acrylic,A2,other
acrylics,A2,other
act,A2,other
acta,A2,other
actava,A2,other
actavas,A2,other
acted,A2,other
actel,A2,other
actigall,A2,other
actin,A2,other
acting,A2,other
actinide,A2,other
actinidia,A2,other
action,A2,other
actionable,A2,other
actions,A2,other
activase,A2,other
activate,A2,other
activated,A2,other
activates,A2,other
activating,A2,other
activation,A2,other
activator,A2,other
active,A2,other
actively,A2,other
actives,A2,other
activision,A2,other
activism,A2,other
activist,A2,other
activists,A2,other
activities,A2,other
activity,A2,other
actmedia,A2,other
actodine,A2,other
acton,A2,other
actor,A2,other
actors,A2,other
actress,A2,other
actresses,A2,other
acts,A2,other
actual,A2,other
actuality,A2,other
actualize,A2,other
actually,A2,other
actuarial,A2,other
actuaries,A2,other
actuary,A2,other
actuate,A2,other
actuator,A2,other
actuators,A2,other
actus,A2,other
acuff,A2,other
acuity,A2,other
acumen,A2,other
acuna,A2,other
acura,A2,other
acuras,A2,other
acuson,A2,other
acustar,A2,other
acusyst,A2,other
acute,A2,other
acutely,A2,other
acuteness,A2,other
acyclovir,A2,other
ad,A2,other
ada,A2,other
adabel,A2,other
adabelle,A2,other
adachi,A2,other
adage,A2,other
adagio,A2,other
adah,A2,other
adair,A2,other
adaire,A2,other
adak,A2,other
adalah,A2,other
adalia,A2,other
adam,A2,other
adamant,A2,other
adamantly,A2,other
adamcik,A2,other
adamczak,A2,other
adamczyk,A2,other
adame,A2,other
adamec,A2,other
adamek,A2,other
adames,A2,other
adami,A2,other
adamik,A2,other
adamina,A2,other
adamkus,A2,other
adamo,A2,other
adamowicz,A2,other
adams,A2,other
adamski,A2,other
adamson,A2,other
adamstown,A2,other
adan,A2,other
adapso,A2,other
adapt,A2,other
adaptable,A2,other
adaptaplex,A2,other
adaptation,A2,other
adaptec,A2,other
adapted,A2,other
adapter,A2,other
adapters,A2,other
adapting,A2,other
adaptive,A2,other
adaptor,A2,other
adaptors,A2,other
adapts,A2,other
adar,A2,other
adarand,A2,other
adare,A2,other
adas,A2,other
aday,A2,other
adaza,A2,other
adblock,A2,other
adcock,A2,other
adcox,A2,other
add,A2,other
addair,A2,other
addams,A2,other
added,A2,other
addendum,A2,other
addendums,A2,other
addeo,A2,other
adder,A2,other
adderley,A2,other
addicks,A2,other
addict,A2,other
addicted,A2,other
addicting,A2,other
addiction,A2,other
addictions,A2,other
addictive,A2,other
addicts,A2,other
addidas,A2,other
addidases,A2,other
addie,A2,other
adding,A2,other
addington,A2,other
addis,A2,other
addison,A2,other
addition,A2,other
additional,A2,other
additions,A2,other
additive,A2,other
additives,A2,other
addle,A2,other
addled,A2,other
addleman,A2,other
address,A2,other
addressed,A2,other
addressee,A2,other
addresses,A2,other
addressing,A2,other
adds,A2,other
adduci,A2,other
adduct,A2,other
addwest,A2,other
addy,A2,other
addyston,A2,other
ade,A2,other
adee,A2,other
adel,A2,other
adela,A2,other
adelaar,A2,other
adelaide,A2,other
adelanto,A2,other
adelbert,A2,other
adele,A2,other
adeline,A2,other
adelizzi,A2,other
adell,A2,other
adelle,A2,other
adelman,A2,other
adelmann,A2,other
adelpha,A2,other
adelphi,A2,other
adelphia,A2,other
adelson,A2,other
adelstein,A2,other
aden,A2,other
adena,A2,other
adenauer,A2,other
adenine,A2,other
adenoid,A2,other
adenoids,A2,other
adenoscan,A2,other
adenosine,A2,other
adenovirus,A2,other
adept,A2,other
adequacy,A2,other
adequate,A2,other
adequately,A2,other
ader,A2,other
aderhold,A2,other
aderholt,A2,other
aderman,A2,other
ades,A2,other
adey,A2,other
adger,A2,other
adham,A2,other
adhd,A2,other
adhere,A2,other
adhered,A2,other
adherence,A2,other
adherent,A2,other
adherents,A2,other
adheres,A2,other
adhering,A2,other
adhesion,A2,other
adhesive,A2,other
adhesives,A2,other
adia,A2,other
adid,A2,other
adidas,A2,other
adieu,A2,other
adin,A2,other
adina,A2,other
adine,A2,other
adinolfi,A2,other
adios,A2,other
adipose,A2,other
adirondack,A2,other
adisq,A2,other
adjacent,A2,other
adjani,A2,other
adjective,A2,other
adjectives,A2,other
adjoin,A2,other
adjoining,A2,other
adjoins,A2,other
adjourn,A2,other
adjourned,A2,other
adjourning,A2,other
adjourns,A2,other
adjudge,A2,other
adjudged,A2,other
adjudicate,A2,other
adjunct,A2,other
adjuncts,A2,other
adjust,A2,other
adjustable,A2,other
adjusted,A2,other
adjuster,A2,other
adjusters,A2,other
adjusting,A2,other
adjustment,A2,other
adjusts,A2,other
adjutant,A2,other
adkins,A2,other
adkinson,A2,other
adkison,A2,other
adkisson,A2,other
adlai,A2,other
adler,A2,other
adlers,A2,other
adley,A2,other
adlon,A2,other
adlong,A2,other
adman,A2,other
admen,A2,other
admin,A2,other
administer,A2,other
admins,A2,other
admira,A2,other
admirable,A2,other
admirably,A2,other
admiral,A2,other
admirals,A2,other
admiralty,A2,other
admiration,A2,other
admire,A2,other
admired,A2,other
admirer,A2,other
admirers,A2,other
admires,A2,other
admiring,A2,other
admiringly,A2,other
admissible,A2,other
admission,A2,other
admissions,A2,other
admit,A2,other
admits,A2,other
admittance,A2,other
admitted,A2,other
admittedly,A2,other
admitting,A2,other
admonish,A2,other
admonished,A2,other
admonishes,A2,other
admonition,A2,other
admonitory,A2,other
adnan,A2,other
adney,A2,other
ado,A2,other
adobe,A2,other
adolescent,A2,other
adolf,A2,other
adolfo,A2,other
adolph,A2,other
adolpha,A2,other
adolphson,A2,other
adolphus,A2,other
adon,A2,other
adonia,A2,other
adonis,A2,other
adopt,A2,other
adoptable,A2,other
adopted,A2,other
adoptee,A2,other
adoptees,A2,other
adopter,A2,other
adopters,A2,other
adopting,A2,other
adoption,A2,other
adoptions,A2,other
adoptive,A2,other
adopts,A2,other
ador,A2,other
adora,A2,other
adorabelle,A2,other
adorable,A2,other
adoration,A2,other
adore,A2,other
adored,A2,other
adoree,A2,other
adorees,A2,other
adores,A2,other
adoring,A2,other
adorn,A2,other
adorna,A2,other
adorned,A2,other
adorning,A2,other
adornment,A2,other
adorno,A2,other
adorns,A2,other
adra,A2,other
adragna,A2,other
adrda,A2,other
adrea,A2,other
adrenal,A2,other
adrenalin,A2,other
adrenaline,A2,other
adrenergic,A2,other
adria,A2,other
adrian,A2,other
adriana,A2,other
adriance,A2,other
adriano,A2,other
adriatic,A2,other
adriel,A2,other
adrienne,A2,other
adrift,A2,other
adroit,A2,other
adroitly,A2,other
ads,A2,other
adsit,A2,other
adsl,A2,other
adsorption,A2,other
adss,A2,other
adstar,A2,other
adsteam,A2,other
adtec,A2,other
adulate,A2,other
adulation,A2,other
aduliadae,A2,other
adult,A2,other
adulterate,A2,other
adulterer,A2,other
adulterers,A2,other
adulterous,A2,other
adultery,A2,other
adulthood,A2,other
adults,A2,other
adusdur,A2,other
advacare,A2,other
advalue,A2,other
advance,A2,other
advanced,A2,other
advancer,A2,other
advancers,A2,other
advances,A2,other
advancing,A2,other
advani,A2,other
advanta,A2,other
advantage,A2,other
advantaged,A2,other
advantages,A2,other
advantest,A2,other
advection,A2,other
advent,A2,other
adventist,A2,other
adventists,A2,other
adventure,A2,other
adventurer,A2,other
adventures,A2,other
adverb,A2,other
adverbial,A2,other
adverbs,A2,other
adversary,A2,other
adverse,A2,other
adversely,A2,other
adversity,A2,other
advert,A2,other
advertise,A2,other
advertised,A2,other
advertiser,A2,other
advertises,A2,other
advest,A2,other
advice,A2,other
advil,A2,other
advisable,A2,other
advise,A2,other
advised,A2,other
advisedly,A2,other
advisement,A2,other
adviser,A2,other
advisers,A2,other
advises,A2,other
advising,A2,other
advisor,A2,other
advisories,A2,other
advisors,A2,other
advisory,A2,other
advo,A2,other
advocacy,A2,other
advocate,A2,other
advocated,A2,other
advocates,A2,other
advocating,A2,other
advocation,A2,other
adweek,A2,other
adwell,A2,other
adwords,A2,other
ady,A2,other
adz,A2,other
ae,A2,other
aegean,A2,other
aegerter,A2,other
aegis,A2,other
aegon,A2,other
aeltus,A2,other
aeneas,A2,other
aeneid,A2,other
aeolus,A2,other
aequitron,A2,other
aer,A2,other
aerial,A2,other
aerials,A2,other
aerie,A2,other
aerien,A2,other
aeriens,A2,other
aeritalia,A2,other
aero,A2,other
aerobatic,A2,other
aerobatics,A2,other
aerobic,A2,other
aerobics,A2,other
aerodrome,A2,other
aerodromes,A2,other
aerodyne,A2,other
aeroflot,A2,other
aerogenosa,A2,other
aerojet,A2,other
aerojets,A2,other
aerolift,A2,other
aerolifts,A2,other
aerolineas,B1,other
aeromar,B1,other
aeromexico,B1,other
aeronautic,B1,other
aeroperu,B1,other
aeroquip,B1,other
aerosmith,B1,other
aerosol,B1,other
aerosols,B1,other
aerospace,B1,other
aerostar,B1,other
aerostars,B1,other
aerostat,B1,other
aerostats,B1,other
aerotech,B1,other
aerovias,B1,other
aerts,B1,other
aeschelus,B1,other
aeschliman,B1,other
aesop,B1,other
aesthete,B1,other
aesthetes,B1,other
aesthetic,B1,other
aesthetics,B1,other
aetna,B1,other
afanasyev,B1,other
afar,B1,other
affable,B1,other
affably,B1,other
affair,B1,other
affairs,B1,other
affect,B1,other
affected,B1,other
affecting,B1,other
affection,B1,other
affections,B1,other
affective,B1,other
affects,B1,other
affeldt,B1,other
afferent,B1,other
affiant,B1,other
affidavit,B1,other
affidavits,B1,other
affiliate,B1,other
affiliated,B1,other
affiliates,B1,other
affine,B1,other
affined,B1,other
affines,B1,other
affining,B1,other
affinities,B1,other
affinity,B1,other
affirm,B1,other
affirmed,B1,other
affirming,B1,other
affirms,B1,other
affix,B1,other
affixed,B1,other
affixes,B1,other
affixing,B1,other
affleck,B1,other
afflerbach,B1,other
afflict,B1,other
afflicted,B1,other
afflicting,B1,other
affliction,B1,other
afflicts,B1,other
afflik,B1,other
affluence,B1,other
affluent,B1,other
affolter,B1,other
afford,B1,other
affordable,B1,other
affordably,B1,other
afforded,B1,other
affording,B1,other
affords,B1,other
affricate,B1,other
affricates,B1,other
affront,B1,other
affronted,B1,other
affronting,B1,other
affronts,B1,other
affymax,B1,other
afghan,B1,other
afghani,B1,other
afghanis,B1,other
afghans,B1,other
afheldt,B1,other
aficionado,B1,other
afield,B1,other
afire,B1,other
afl,B1,other
aflame,B1,other
aflatoxin,B1,other
afloat,B1,other
aflutter,B1,other
afmed,B1,other
afonso,B1,other
afoot,B1,other
aforesaid,B1,other
afoul,B1,other
afraid,B1,other
afresh,B1,other
africa,B1,other
african,B1,other
africanist,B1,other
africanize,B1,other
africans,B1,other
afridi,B1,other
afrikaans,B1,other
afrikaner,B1,other
afrikaners,B1,other
afro,B1,other
afsane,B1,other
afshar,B1,other
aft,B1,other
after,B1,other
afterall,B1,other
afterglow,B1,other
afterglows,B1,other
afterhours,B1,other
afterimage,B1,other
afterlife,B1,other
afterlives,B1,other
aftermath,B1,other
aftermaths,B1,other
afternoon,B1,other
afternoons,B1,other
aftershave,B1,other
aftershock,B1,other
aftertaste,B1,other
aftertax,B1,other
afterward,B1,other
afterwards,B1,other
afula,B1,other
ag,B1,other
aga,B1,other
agache,B1,other
agaches,B1,other
again,B1,other
against,B1,other
agamemnon,B1,other
agan,B1,other
agana,B1,other
aganbegyan,B1,other
agans,B1,other
agape,B1,other
agar,B1,other
agard,B1,other
agarwal,B1,other
agasp,B1,other
agassi,B1,other
agassiz,B1,other
agate,B1,other
agates,B1,other
agatha,B1,other
agawam,B1,other
agco,B1,other
age,B1,other
aged,B1,other
agee,B1,other
ageless,B1,other
agematsu,B1,other
agence,B1,other
agencies,B1,other
agency,B1,other
agenda,B1,other
agendas,B1,other
agent,B1,other
agents,B1,other
ager,B1,other
ageratum,B1,other
ageratums,B1,other
agers,B1,other
agerton,B1,other
ages,B1,other
agfa,B1,other
aggarwal,B1,other
aggie,B1,other
aggies,B1,other
aggrandize,B1,other
aggravate,B1,other
aggravated,B1,other
aggravates,B1,other
aggregate,B1,other
aggregated,B1,other
aggregates,B1,other
aggress,B1,other
aggression,B1,other
aggressive,B1,other
aggressor,B1,other
aggressors,B1,other
aggrey,B1,other
aggrieve,B1,other
aggrieved,B1,other
aggy,B1,other
aghast,B1,other
aghazadeh,B1,other
agie,B1,other
agildo,B1,other
agile,B1,other
agilis,B1,other
agility,B1,other
agin,B1,other
agincourt,B1,other
aging,B1,other
agins,B1,other
agip,B1,other
agitate,B1,other
agitated,B1,other
agitating,B1,other
agitation,B1,other
agitator,B1,other
agitators,B1,other
agitprop,B1,other
agius,B1,other
agleam,B1,other
agler,B1,other
aglitter,B1,other
aglo,B1,other
aglow,B1,other
agna,B1,other
agne,B1,other
agnella,B1,other
agnelli,B1,other
agnellis,B1,other
agnello,B1,other
agner,B1,other
agnes,B1,other
agneta,B1,other
agnew,B1,other
agnico,B1,other
agnor,B1,other
agnos,B1,other
agnosio,B1,other
agnostic,B1,other
agnostics,B1,other
ago,B1,other
agog,B1,other
agoglia,B1,other
agonies,B1,other
agonist,B1,other
agonists,B1,other
agonize,B1,other
agonized,B1,other
agonizes,B1,other
agonizing,B1,other
agony,B1,other
agora,B1,other
agosta,B1,other
agostini,B1,other
agostino,B1,other
agosto,B1,other
agoura,B1,other
agouron,B1,other
agra,B1,other
agrarian,B1,other
agrawal,B1,other
agree,B1,other
agreeable,B1,other
agreed,B1,other
agreeing,B1,other
agreement,B1,other
agreements,B1,other
agrees,B1,other
agregable,B1,other
agregious,B1,other
agresource,B1,other
agresta,B1,other
agresti,B1,other
agrexco,B1,other
agri,B1,other
agribank,B1,other
agrico,B1,other
agricola,B1,other
agricole,B1,other
agrifuel,B1,other
agrifuels,B1,other
agrippa,B1,other
agrivisor,B1,other
agro,B1,other
agrokomerc,B1,other
agronomist,B1,other
agronomy,B1,other
agrosiand,B1,other
aground,B1,other
agrusa,B1,other
agua,B1,other
aguacate,B1,other
aguadilla,B1,other
aguado,B1,other
aguanga,B1,other
aguayo,B1,other
agudelo,B1,other
ague,B1,other
aguero,B1,other
aguiar,B1,other
aguila,B1,other
aguilar,B1,other
aguilera,B1,other
aguillar,B1,other
aguillard,B1,other
aguillon,B1,other
aguilo,B1,other
aguinaga,B1,other
aguirra,B1,other
aguirre,B1,other
agustin,B1,other
ah,B1,other
aha,B1,other
ahab,B1,other
ahah,B1,other
aharon,B1,other
ahart,B1,other
ahasuerus,B1,other
ahaulsie,B1,other
ahead,B1,other
ahearn,B1,other
aherin,B1,other
ahern,B1,other
aherne,B1,other
ahh,B1,other
ahl,B1,other
ahlberg,B1,other
ahlborn,B1,other
ahlen,B1,other
ahlers,B1,other
ahles,B1,other
ahlf,B1,other
ahlgren,B1,other
ahlgrim,B1,other
ahlin,B1,other
ahlman,B1,other
ahlquist,B1,other
ahlquists,B1,other
ahlstrand,B1,other
ahlstrom,B1,other
ahluwalia,B1,other
ahmad,B1,other
ahmadi,B1,other
ahmann,B1,other
ahmanson,B1,other
ahmansons,B1,other
ahmed,B1,other
ahmeek,B1,other
ahmoudi,B1,other
ahn,B1,other
ahnell,B1,other
ahner,B1,other
aho,B1,other
ahola,B1,other
ahold,B1,other
aholds,B1,other
ahonen,B1,other
ahoskie,B1,other
ahoy,B1,other
ahr,B1,other
ahranat,B1,other
ahren,B1,other
ahrendt,B1,other
ahrens,B1,other
ahs,B1,other
ahsahka,B1,other
ahuja,B1,other
ahumada,B1,other
ahwahnee,B1,other
ai,B1,other
aichele,B1,other
aicher,B1,other
aichi,B1,other
aickin,B1,other
aid,B1,other
aida,B1,other
aidan,B1,other
aide,B1,other
aided,B1,other
aiden,B1,other
aidenn,B1,other
aides,B1,other
aidid,B1,other
aiding,B1,other
aids,B1,other
aiello,B1,other
aiesha,B1,other
aigner,B1,other
aiguebelle,B1,other
aiken,B1,other
aikens,B1,other
aikey,B1,other
aikin,B1,other
aikins,B1,other
aikman,B1,other
aikoff,B1,other
ail,B1,other
ailee,B1,other
aileen,B1,other
ailene,B1,other
aileron,B1,other
ailerons,B1,other
ailes,B1,other
ailey,B1,other
ailing,B1,other
ailment,B1,other
ailments,B1,other
ailor,B1,other
ails,B1,other
ailsa,B1,other
aim,B1,other
aimal,B1,other
aiman,B1,other
aime,B1,other
aimed,B1,other
aimee,B1,other
aimetti,B1,other
aiming,B1,other
aimless,B1,other
aimlessly,B1,other
aimone,B1,other
aims,B1,other
aine,B1,other
ainge,B1,other
ainley,B1,other
ainsberg,B1,other
ainsley,B1,other
ainslie,B1,other
ainsworth,B1,other
ainu,B1,other
aipac,B1,other
air,B1,other
airbag,B1,other
airbags,B1,other
airbase,B1,other
airbases,B1,other
airboat,B1,other
airboats,B1,other
airborne,B1,other
airbus,B1,other
aircal,B1,other
airco,B1,other
aircoa,B1,other
aircraft,B1,other
aircrafts,B1,other
aircrew,B1,other
aird,B1,other
airdrop,B1,other
airdrops,B1,other
aired,B1,other
airedale,B1,other
airedales,B1,other
aires,B1,other
airey,B1,other
airfare,B1,other
airfares,B1,other
airfield,B1,other
airfields,B1,other
airflow,B1,other
airflows,B1,other
airfoil,B1,other
airfoils,B1,other
airfone,B1,other
airfones,B1,other
airforce,B1,other
airforces,B1,other
airframe,B1,other
airframes,B1,other
airfreight,B1,other
airgas,B1,other
airglow,B1,other
airhart,B1,other
airhead,B1,other
airheadz,B1,other
airing,B1,other
airington,B1,other
airless,B1,other
airlia,B1,other
airlie,B1,other
airlift,B1,other
airlifted,B1,other
airlifter,B1,other
airlifters,B1,other
airlifting,B1,other
airlifts,B1,other
airline,B1,other
airliner,B1,other
airliners,B1,other
airlines,B1,other
airlink,B1,other
airlinks,B1,other
airlock,B1,other
airlocks,B1,other
airmail,B1,other
airman,B1,other
airmen,B1,other
airmotive,B1,other
airplane,B1,other
airplanes,B1,other
airport,B1,other
airporter,B1,other
airporters,B1,other
airports,B1,other
airpower,B1,other
airs,B1,other
airshare,B1,other
airship,B1,other
airships,B1,other
airspace,B1,other
airspaces,B1,other
airspeed,B1,other
airstrike,B1,other
airstrikes,B1,other
airstrip,B1,other
airstrips,B1,other
airtight,B1,other
airtime,B1,other
airtouch,B1,other
airtran,B1,other
airwave,B1,other
airwaves,B1,other
airway,B1,other
airways,B1,other
airwing,B1,other
airwings,B1,other
airworthy,B1,other
airy,B1,other
ais,B1,other
aisa,B1,other
aisha,B1,other
aisle,B1,other
aisles,B1,other
aisling,B1,other
aislinn,B1,other
aist,B1,other
aitchison,B1,other
aithne,B1,other
aitken,B1,other
aiton,B1,other
aiwa,B1,other
aix,B1,other
aja,B1,other
ajaj,B1,other
ajami,B1,other
ajar,B1,other
ajax,B1,other
ajay,B1,other
ajinomoto,B1,other
ajito,B1,other
aka,B1,other
akai,B1,other
akaka,B1,other
akali,B1,other
akamine,B1,other
akana,B1,other
akao,B1,other
akard,B1,other
akashi,B1,other
akbar,B1,other
akbash,B1,other
akc,B1,other
ake,B1,other
akebono,B1,other
akel,B1,other
akella,B1,other
aken,B1,other
akens,B1,other
aker,B1,other
akerley,B1,other
akerman,B1,other
akers,B1,other
akerson,B1,other
akey,B1,other
akhtar,B1,other
aki,B1,other
akiba,B1,other
akihito,B1,other
akiko,B1,other
akimbo,B1,other
akin,B1,other
akins,B1,other
akio,B1,other
akira,B1,other
akita,B1,other
akiva,B1,other
akiyama,B1,other
akkadian,B1,other
akkerman,B1,other
akre,B1,other
akridge,B1,other
akron,B1,other
aksamit,B1,other
aksler,B1,other
akst,B1,other
akyanama,B1,other
akzo,B1,other
akzos,B1,other
al,B1,other
ala,B1,other
alabama,B1,other
alabaman,B1,other
alabamans,B1,other
alabaster,B2,other
alachlor,B2,other
alachua,B2,other
alacrity,B2,other
aladdin,B2,other
aladeen,B2,other
alafi,B2,other
alagappan,B2,other
alagem,B2,other
alagna,B2,other
alagoas,B2,other
alai,B2,other
alaimo,B2,other
alain,B2,other
alaine,B2,other
alair,B2,other
alam,B2,other
alamance,B2,other
alamco,B2,other
alameda,B2,other
alamein,B2,other
alamillo,B2,other
alamito,B2,other
alamitos,B2,other
alamo,B2,other
alamodome,B2,other
alamos,B2,other
alamosa,B2,other
alamoud,B2,other
alamoudi,B2,other
alan,B2,other
alana,B2,other
alanco,B2,other
aland,B2,other
alane,B2,other
alanis,B2,other
alaniz,B2,other
alann,B2,other
alanna,B2,other
alar,B2,other
alarcon,B2,other
alard,B2,other
alaric,B2,other
alarica,B2,other
alarice,B2,other
alarid,B2,other
alarie,B2,other
alarm,B2,other
alarmed,B2,other
alarming,B2,other
alarmingly,B2,other
alarmist,B2,other
alarmists,B2,other
alarms,B2,other
alaron,B2,other
alas,B2,other
alaska,B2,other
alaskamen,B2,other
alaskan,B2,other
alaskans,B2,other
alastair,B2,other
alaster,B2,other
alatas,B2,other
alatorre,B2,other
alayne,B2,other
alba,B2,other
albach,B2,other
albacore,B2,other
alban,B2,other
albanese,B2,other
albani,B2,other
albania,B2,other
albanian,B2,other
albanians,B2,other
albank,B2,other
albano,B2,other
albans,B2,other
albany,B2,other
albarado,B2,other
albarran,B2,other
albashaun,B2,other
albatross,B2,other
albaugh,B2,other
albea,B2,other
albee,B2,other
albeit,B2,other
albemarle,B2,other
alben,B2,other
alber,B2,other
alberding,B2,other
alberg,B2,other
albergo,B2,other
alberico,B2,other
albern,B2,other
albers,B2,other
alberson,B2,other
albert,B2,other
alberta,B2,other
alberthal,B2,other
alberti,B2,other
albertina,B2,other
albertine,B2,other
albertini,B2,other
alberto,B2,other
alberts,B2,other
albertsen,B2,other
albertson,B2,other
albertus,B2,other
alberty,B2,other
albie,B2,other
albin,B2,other
albina,B2,other
albini,B2,other
albinia,B2,other
albino,B2,other
albion,B2,other
albiric,B2,other
albo,B2,other
albrecht,B2,other
albright,B2,other
albritton,B2,other
albro,B2,other
albukhari,B2,other
album,B2,other
albumin,B2,other
albums,B2,other
albunex,B2,other
albury,B2,other
albus,B2,other
albuterol,B2,other
alcala,B2,other
alcan,B2,other
alcantar,B2,other
alcantara,B2,other
alcaraz,B2,other
alcasa,B2,other
alcatel,B2,other
alcatraz,B2,other
alcazar,B2,other
alcee,B2,other
alcester,B2,other
alchemist,B2,other
alchemy,B2,other
alcide,B2,other
alcids,B2,other
alcina,B2,other
alco,B2,other
alcoa,B2,other
alcocer,B2,other
alcock,B2,other
alcohol,B2,other
alcoholic,B2,other
alcoholics,B2,other
alcoholism,B2,other
alcohols,B2,other
alcon,B2,other
alcorn,B2,other
alcorta,B2,other
alcott,B2,other
alcove,B2,other
alcoves,B2,other
alda,B2,other
aldaco,B2,other
aldama,B2,other
aldana,B2,other
aldape,B2,other
alday,B2,other
aldebaran,B2,other
aldeburgh,B2,other
alden,B2,other
aldenville,B2,other
alder,B2,other
aldercy,B2,other
alderete,B2,other
alderfer,B2,other
alderidge,B2,other
alderman,B2,other
aldermen,B2,other
alderson,B2,other
alderton,B2,other
aldi,B2,other
aldicarb,B2,other
aldila,B2,other
aldin,B2,other
aldinger,B2,other
aldis,B2,other
aldo,B2,other
aldora,B2,other
aldous,B2,other
aldred,B2,other
aldredge,B2,other
aldrete,B2,other
aldric,B2,other
aldrich,B2,other
aldridge,B2,other
aldrin,B2,other
aldus,B2,other
aldwin,B2,other
aldwyn,B2,other
aldys,B2,other
ale,B2,other
aleatory,B2,other
alec,B2,other
aleda,B2,other
aledo,B2,other
aleen,B2,other
alegre,B2,other
alegrett,B2,other
alegria,B2,other
alehouse,B2,other
aleichem,B2,other
alejandre,B2,other
alejandro,B2,other
alejo,B2,other
alejos,B2,other
aleksander,B2,other
aleksandr,B2,other
alem,B2,other
aleman,B2,other
alena,B2,other
alendrin,B2,other
alene,B2,other
alenia,B2,other
aleo,B2,other
aleph,B2,other
aleria,B2,other
aleron,B2,other
alert,B2,other
alerted,B2,other
alerting,B2,other
alertly,B2,other
alertness,B2,other
alerts,B2,other
ales,B2,other
aleshire,B2,other
alesi,B2,other
alessandra,B2,other
alessandro,B2,other
alessi,B2,other
alessio,B2,other
aleta,B2,other
aletha,B2,other
alethea,B2,other
aletti,B2,other
aleutian,B2,other
aleutians,B2,other
aleve,B2,other
alewife,B2,other
alewine,B2,other
alewives,B2,other
alex,B2,other
alexa,B2,other
alexander,B2,other
alexanders,B2,other
alexandra,B2,other
alexandre,B2,other
alexandria,B2,other
alexandrov,B2,other
alexei,B2,other
alexi,B2,other
alexia,B2,other
alexine,B2,other
alexis,B2,other
alexs,B2,other
alexy,B2,other
aley,B2,other
alf,B2,other
alfa,B2,other
alfalfa,B2,other
alfano,B2,other
alfareda,B2,other
alfaro,B2,other
alfavilli,B2,other
alfie,B2,other
alfieri,B2,other
alfiero,B2,other
alfin,B2,other
alfono,B2,other
alfons,B2,other
alfonse,B2,other
alfonsin,B2,other
alfonsine,B2,other
alfonso,B2,other
alfonzo,B2,other
alford,B2,other
alfre,B2,other
alfred,B2,other
alfredo,B2,other
alfredson,B2,other
alfredsson,B2,other
alfrey,B2,other
algae,B2,other
algal,B2,other
algamaa,B2,other
algar,B2,other
algarin,B2,other
algata,B2,other
algebra,B2,other
algebraic,B2,other
algemene,B2,other
algeo,B2,other
alger,B2,other
algeria,B2,other
algerian,B2,other
algerians,B2,other
algernon,B2,other
algie,B2,other
algiers,B2,other
algodones,B2,other
algol,B2,other
algom,B2,other
algoma,B2,other
algonquian,B2,other
algonquin,B2,other
algorithm,B2,other
algorithms,B2,other
alguire,B2,other
algy,B2,other
alhadeff,B2,other
alhambra,B2,other
alhausie,B2,other
ali,B2,other
aliano,B2,other
alianza,B2,other
alias,B2,other
aliases,B2,other
aliberti,B2,other
alibi,B2,other
alibis,B2,other
alibrandi,B2,other
alice,B2,other
alicea,B2,other
alices,B2,other
alicia,B2,other
alida,B2,other
alie,B2,other
alien,B2,other
alienate,B2,other
alienated,B2,other
alienates,B2,other
alienating,B2,other
alienation,B2,other
aliens,B2,other
aliff,B2,other
alig,B2,other
alight,B2,other
align,B2,other
aligned,B2,other
aligning,B2,other
alignment,B2,other
alignments,B2,other
aligns,B2,other
alihan,B2,other
alija,B2,other
alike,B2,other
alikes,B2,other
alima,B2,other
alimenies,B2,other
alimentary,B2,other
alimony,B2,other
alina,B2,other
aline,B2,other
alines,B2,other
alioto,B2,other
aliquippa,B2,other
aliquippas,B2,other
alire,B2,other
alirio,B2,other
alisa,B2,other
alisha,B2,other
alisky,B2,other
alison,B2,other
alissa,B2,other
alistair,B2,other
alister,B2,other
alita,B2,other
alitalia,B2,other
alithia,B2,other
alito,B2,other
alive,B2,other
alix,B2,other
aliyah,B2,other
alizac,B2,other
alka,B2,other
alkahest,B2,other
alkali,B2,other
alkalies,B2,other
alkaline,B2,other
alkalinity,B2,other
alkaloid,B2,other
alkaloidal,B2,other
alkaloids,B2,other
alkanes,B2,other
alkema,B2,other
alkene,B2,other
alkenes,B2,other
alkermes,B2,other
alkire,B2,other
alla,B2,other
allah,B2,other
allahabad,B2,other
allain,B2,other
allaire,B2,other
allais,B2,other
allamuchy,B2,other
allan,B2,other
allante,B2,other
allar,B2,other
allard,B2,other
allardt,B2,other
allay,B2,other
allayed,B2,other
allaying,B2,other
allays,B2,other
allbaugh,B2,other
allbee,B2,other
allbright,B2,other
allbritten,B2,other
allbritton,B2,other
allcock,B2,other
allcorn,B2,other
allday,B2,other
allderdice,B2,other
alldredge,B2,other
allebach,B2,other
alleco,B2,other
allee,B2,other
allegation,B2,other
allege,B2,other
alleged,B2,other
allegedly,B2,other
alleges,B2,other
alleghany,B2,other
allegheny,B2,other
allegiance,B2,other
alleging,B2,other
allegis,B2,other
allegories,B2,other
allegory,B2,other
allegra,B2,other
allegretti,B2,other
allegro,B2,other
allele,B2,other
alleles,B2,other
allelic,B2,other
alleluia,B2,other
alleluja,B2,other
alleman,B2,other
allemand,B2,other
allen,B2,other
allenbaugh,B2,other
allenby,B2,other
allendale,B2,other
allende,B2,other
allender,B2,other
allendorf,B2,other
allene,B2,other
allenhurst,B2,other
allens,B2,other
allensbach,B2,other
allenton,B2,other
allentown,B2,other
allenwood,B2,other
aller,B2,other
allergan,B2,other
allergen,B2,other
allergenic,B2,other
allergens,B2,other
allergic,B2,other
allergies,B2,other
allergist,B2,other
allergists,B2,other
allergy,B2,other
allers,B2,other
allert,B2,other
allerton,B2,other
alles,B2,other
alleva,B2,other
alleviate,B2,other
alleviated,B2,other
alleviates,B2,other
alley,B2,other
alleyne,B2,other
alleyoop,B2,other
alleys,B2,other
alleyway,B2,other
alleyways,B2,other
allgaier,B2,other
allgeier,B2,other
allgemeine,B2,other
allgeyer,B2,other
allgood,B2,other
alli,B2,other
alliance,B2,other
alliances,B2,other
alliant,B2,other
allianz,B2,other
allick,B2,other
allie,B2,other
allied,B2,other
allies,B2,other
alligator,B2,other
alligators,B2,other
alligood,B2,other
allin,B2,other
allinder,B2,other
alling,B2,other
allinger,B2,other
allingham,B2,other
allington,B2,other
allinson,B2,other
allis,B2,other
allison,B2,other
allister,B2,other
alliston,B2,other
allman,B2,other
allmon,B2,other
allmond,B2,other
allnet,B2,other
allnutt,B2,other
allocate,B2,other
allocated,B2,other
allocates,B2,other
allocating,B2,other
allocation,B2,other
allocator,B2,other
allocators,B2,other
allocca,B2,other
allocco,B2,other
allograph,B2,other
allographs,B2,other
allomorph,B2,other
allomorphs,B2,other
allophone,B2,other
allophones,B2,other
allophonic,B2,other
allor,B2,other
allot,B2,other
alloted,B2,other
allotment,B2,other
allotments,B2,other
allotrope,B2,other
allotropes,B2,other
allots,B2,other
allotted,B2,other
allotting,B2,other
allow,B2,other
allowable,B2,other
allowance,B2,other
allowances,B2,other
alloway,B2,other
allowed,B2,other
allowing,B2,other
allows,B2,other
alloy,B2,other
alloys,B2,other
allphin,B2,other
allport,B2,other
allred,B2,other
allright,B2,other
alls,B2,other
allsbrook,B2,other
allset,B2,other
allshouse,B2,other
allsop,B2,other
allsopp,B2,other
allspice,B2,other
allstate,B2,other
allston,B2,other
allsup,B2,other
alltel,B2,other
alltime,B2,other
allton,B2,other
alltop,B2,other
allude,B2,other
alluded,B2,other
alludes,B2,other
alluding,B2,other
allum,B2,other
allums,B2,other
allure,B2,other
allured,B2,other
alluring,B2,other
allusion,B2,other
allusions,B2,other
allusive,B2,other
alluvial,B2,other
alluvium,B2,other
allwaste,B2,other
allweiss,B2,other
ally,B2,other
allying,B2,other
allyn,B2,other
allys,B2,other
allyson,B2,other
alm,B2,other
alma,B2,other
almada,B2,other
almadani,B2,other
almaden,B2,other
almaguer,C1,other
almal,C1,other
alman,C1,other
almanac,C1,other
almand,C1,other
almanza,C1,other
almanzar,C1,other
almaraz,C1,other
almas,C1,other
almasy,C1,other
almaty,C1,other
almay,C1,other
almazan,C1,other
almeda,C1,other
almeida,C1,other
almelund,C1,other
almendarez,C1,other
almer,C1,other
almeria,C1,other
almgren,C1,other
almighty,C1,other
almira,C1,other
almo,C1,other
almodovar,C1,other
almon,C1,other
almond,C1,other
almonds,C1,other
almoner,C1,other
almonte,C1,other
almos,C1,other
almost,C1,other
almquist,C1,other
alms,C1,other
almy,C1,other
almys,C1,other
alodie,C1,other
aloe,C1,other
aloft,C1,other
aloha,C1,other
aloi,C1,other
aloia,C1,other
alois,C1,other
aloisa,C1,other
aloisi,C1,other
aloisia,C1,other
aloisio,C1,other
aloka,C1,other
alomar,C1,other
alon,C1,other
alone,C1,other
along,C1,other
alonge,C1,other
alongi,C1,other
alongs,C1,other
alongside,C1,other
aloni,C1,other
alonso,C1,other
alonza,C1,other
alonzo,C1,other
aloof,C1,other
aloofness,C1,other
alot,C1,other
aloud,C1,other
aloys,C1,other
aloyse,C1,other
aloysia,C1,other
aloysius,C1,other
alpa,C1,other
alpaca,C1,other
alpaugh,C1,other
alper,C1,other
alperin,C1,other
alpern,C1,other
alpers,C1,other
alpert,C1,other
alpex,C1,other
alpha,C1,other
alphabet,C1,other
alphabetic,C1,other
alphandery,C1,other
alpharel,C1,other
alpharetta,C1,other
alphin,C1,other
alphonse,C1,other
alphonsine,C1,other
alphonso,C1,other
alpin,C1,other
alpine,C1,other
alpirez,C1,other
alpo,C1,other
alps,C1,other
alquist,C1,other
alread,C1,other
already,C1,other
alred,C1,other
alright,C1,other
alrighty,C1,other
alrosa,C1,other
alroy,C1,other
als,C1,other
alsace,C1,other
alsatian,C1,other
alsbrook,C1,other
alsbrooks,C1,other
alsbury,C1,other
alsdorf,C1,other
alsgaard,C1,other
alshelhah,C1,other
alsip,C1,other
also,C1,other
alsobrook,C1,other
alsobrooks,C1,other
alsop,C1,other
alspach,C1,other
alspaugh,C1,other
alsthom,C1,other
alston,C1,other
alsup,C1,other
alt,C1,other
alta,C1,other
altadena,C1,other
altai,C1,other
altaic,C1,other
altair,C1,other
altamira,C1,other
altamirano,C1,other
altamont,C1,other
altamuro,C1,other
altar,C1,other
altarpiece,C1,other
altars,C1,other
altavista,C1,other
altay,C1,other
altemose,C1,other
altemus,C1,other
altenburg,C1,other
altenhofen,C1,other
alteon,C1,other
alter,C1,other
altera,C1,other
alteration,C1,other
altered,C1,other
altergott,C1,other
altering,C1,other
alterman,C1,other
alternate,C1,other
alternated,C1,other
alternates,C1,other
alternator,C1,other
alters,C1,other
altfest,C1,other
althaus,C1,other
althaver,C1,other
althea,C1,other
altherr,C1,other
althoff,C1,other
althorp,C1,other
although,C1,other
althouse,C1,other
altice,C1,other
altier,C1,other
altieri,C1,other
altima,C1,other
altimeter,C1,other
altimeters,C1,other
altimetry,C1,other
altimorano,C1,other
altiplano,C1,other
altitude,C1,other
altitudes,C1,other
altizer,C1,other
altland,C1,other
altman,C1,other
altmann,C1,other
altmeyer,C1,other
alto,C1,other
altobelli,C1,other
altogether,C1,other
altoid,C1,other
altom,C1,other
altomare,C1,other
alton,C1,other
altoona,C1,other
altos,C1,other
altra,C1,other
altron,C1,other
altruism,C1,other
altruistic,C1,other
altschul,C1,other
altschuler,C1,other
altshuler,C1,other
altucher,C1,other
alturas,C1,other
altus,C1,other
altvater,C1,other
altzheimer,C1,other
alu,C1,other
alum,C1,other
alumax,C1,other
alumbaugh,C1,other
alumina,C1,other
aluminio,C1,other
aluminium,C1,other
aluminize,C1,other
aluminized,C1,other
aluminum,C1,other
alumna,C1,other
alumnae,C1,other
alumni,C1,other
alumnus,C1,other
alums,C1,other
alun,C1,other
alura,C1,other
alusuisse,C1,other
alva,C1,other
alvah,C1,other
alvan,C1,other
alvarado,C1,other
alvardo,C1,other
alvare,C1,other
alvarenga,C1,other
alvares,C1,other
alvarez,C1,other
alvaro,C1,other
alvear,C1,other
alveolar,C1,other
alveoli,C1,other
alverez,C1,other
alvero,C1,other
alverson,C1,other
alverton,C1,other
alves,C1,other
alvey,C1,other
alvidrez,C1,other
alvin,C1,other
alvina,C1,other
alvino,C1,other
alvis,C1,other
alvita,C1,other
alvite,C1,other
alvord,C1,other
alwaleed,C1,other
alward,C1,other
always,C1,other
alwin,C1,other
alwine,C1,other
alwood,C1,other
alwyn,C1,other
aly,C1,other
alyce,C1,other
alyea,C1,other
alyeska,C1,other
alys,C1,other
alysheba,C1,other
alysia,C1,other
alyssa,C1,other
alza,C1,other
alzado,C1,other
alzena,C1,other
alzene,C1,other
alzheimer,C1,other
alzona,C1,other
am,C1,other
ama,C1,other
amabel,C1,other
amabelle,C1,other
amabile,C1,other
amacher,C1,other
amacker,C1,other
amadea,C1,other
amadeo,C1,other
amadeus,C1,other
amado,C1,other
amadon,C1,other
amador,C1,other
amadou,C1,other
amagansett,C1,other
amaker,C1,other
amakudari,C1,other
amal,C1,other
amalea,C1,other
amalfitano,C1,other
amalgam,C1,other
amalgamate,C1,other
amalgams,C1,other
amalia,C1,other
amalie,C1,other
amalya,C1,other
aman,C1,other
amana,C1,other
amanda,C1,other
amandas,C1,other
amandime,C1,other
amann,C1,other
amano,C1,other
amanpour,C1,other
amante,C1,other
amar,C1,other
amara,C1,other
amaral,C1,other
amarante,C1,other
amaranth,C1,other
amaretto,C1,other
amargosa,C1,other
amari,C1,other
amarilla,C1,other
amarillo,C1,other
amarillos,C1,other
amarin,C1,other
amaris,C1,other
amaro,C1,other
amaryllis,C1,other
amasa,C1,other
amason,C1,other
amass,C1,other
amassed,C1,other
amasses,C1,other
amassing,C1,other
amateur,C1,other
amateurish,C1,other
amateurism,C1,other
amateurs,C1,other
amati,C1,other
amatil,C1,other
amato,C1,other
amauligak,C1,other
amax,C1,other
amaya,C1,other
amaze,C1,other
amazed,C1,other
amazement,C1,other
amazes,C1,other
amazing,C1,other
amazingly,C1,other
amazon,C1,other
amazonia,C1,other
amazonian,C1,other
amazonians,C1,other
amazons,C1,other
ambac,C1,other
ambase,C1,other
ambassador,C1,other
amber,C1,other
amberg,C1,other
amberger,C1,other
ambergris,C1,other
ambers,C1,other
amberson,C1,other
ambery,C1,other
ambiance,C1,other
ambien,C1,other
ambience,C1,other
ambient,C1,other
ambiguity,C1,other
ambiguous,C1,other
ambisone,C1,other
ambition,C1,other
ambitions,C1,other
ambitious,C1,other
ambivalent,C1,other
amble,C1,other
ambled,C1,other
ambler,C1,other
ambles,C1,other
amblin,C1,other
ambling,C1,other
amborn,C1,other
amboy,C1,other
ambra,C1,other
ambriano,C1,other
ambrit,C1,other
ambriz,C1,other
ambrogio,C1,other
ambrose,C1,other
ambrosia,C1,other
ambrosial,C1,other
ambrosian,C1,other
ambrosiano,C1,other
ambrosine,C1,other
ambrosini,C1,other
ambrosino,C1,other
ambrosio,C1,other
ambrosius,C1,other
ambs,C1,other
ambuehl,C1,other
ambulance,C1,other
ambulances,C1,other
ambulate,C1,other
ambulator,C1,other
ambulatory,C1,other
amburgey,C1,other
amburn,C1,other
ambush,C1,other
ambushed,C1,other
ambushes,C1,other
ambushing,C1,other
amc,C1,other
amca,C1,other
amcast,C1,other
amcole,C1,other
amcor,C1,other
amcore,C1,other
amd,C1,other
amdahl,C1,other
amdec,C1,other
amdek,C1,other
amdur,C1,other
amdura,C1,other
ame,C1,other
ameche,C1,other
amedco,C1,other
amedee,C1,other
ameen,C1,other
amelia,C1,other
amelie,C1,other
amelinda,C1,other
ameline,C1,other
amelio,C1,other
ameliorate,C1,other
amelita,C1,other
amell,C1,other
amen,C1,other
amenable,C1,other
amenaces,C1,other
amend,C1,other
amendable,C1,other
amended,C1,other
amending,C1,other
amendment,C1,other
amendments,C1,other
amendola,C1,other
amends,C1,other
amenities,C1,other
amenity,C1,other
ament,C1,other
amenta,C1,other
amer,C1,other
amerada,C1,other
amerco,C1,other
amerford,C1,other
ameri,C1,other
ameribanc,C1,other
america,C1,other
american,C1,other
americana,C1,other
americanas,C1,other
americano,C1,other
americanos,C1,other
americans,C1,other
americar,C1,other
americare,C1,other
americares,C1,other
americas,C1,other
americium,C1,other
americo,C1,other
americold,C1,other
americorp,C1,other
americorps,C1,other
americus,C1,other
ameridata,C1,other
amerifirst,C1,other
amerigas,C1,other
amerigo,C1,other
amerihost,C1,other
amerika,C1,other
amerindian,C1,other
amerine,C1,other
ameritech,C1,other
ameritrust,C1,other
amerman,C1,other
amero,C1,other
ameron,C1,other
amerongen,C1,other
amersham,C1,other
amerson,C1,other
amery,C1,other
ames,C1,other
amesville,C1,other
ametek,C1,other
amethyst,C1,other
amev,C1,other
amex,C1,other
amexco,C1,other
amey,C1,other
amezcua,C1,other
amezquita,C1,other
amfac,C1,other
amfesco,C1,other
amgen,C1,other
amharic,C1,other
amherst,C1,other
amhoist,C1,other
ami,C1,other
amiability,C1,other
amiable,C1,other
amiably,C1,other
amicable,C1,other
amicably,C1,other
amick,C1,other
amico,C1,other
amicone,C1,other
amicus,C1,other
amid,C1,other
amide,C1,other
amides,C1,other
amidi,C1,other
amidon,C1,other
amidships,C1,other
amidst,C1,other
amie,C1,other
amiga,C1,other
amigo,C1,other
amigos,C1,other
amilia,C1,other
amin,C1,other
amine,C1,other
amino,C1,other
aminta,C1,other
amiot,C1,other
amiprilose,C1,other
amir,C1,other
amiram,C1,other
amiran,C1,other
amirault,C1,other
amirav,C1,other
amiri,C1,other
amis,C1,other
amish,C1,other
amison,C1,other
amiss,C1,other
amistad,C1,other
amit,C1,other
amitabha,C1,other
amitai,C1,other
amity,C1,other
amityville,C1,other
amman,C1,other
ammann,C1,other
ammeen,C1,other
ammerman,C1,other
ammeter,C1,other
ammeters,C1,other
ammirati,C1,other
ammo,C1,other
ammon,C1,other
ammonia,C1,other
ammonite,C1,other
ammonites,C1,other
ammonium,C1,other
ammons,C1,other
ammunition,C1,other
amnesia,C1,other
amnesiac,C1,other
amnesties,C1,other
amnesty,C1,other
amnio,C1,other
amniotic,C1,other
amo,C1,other
amoco,C1,other
amoeba,C1,other
amoebas,C1,other
amoebic,C1,other
amok,C1,other
amon,C1,other
among,C1,other
amongst,C1,other
amoolya,C1,other
amor,C1,other
amoral,C1,other
amore,C1,other
amorette,C1,other
amorist,C1,other
amorita,C1,other
amorosi,C1,other
amoroso,C1,other
amorous,C1,other
amorphous,C1,other
amortize,C1,other
amortized,C1,other
amortizing,C1,other
amoruso,C1,other
amory,C1,other
amos,C1,other
amoskeag,C1,other
amoss,C1,other
amount,C1,other
amounted,C1,other
amounting,C1,other
amounts,C1,other
amour,C1,other
amp,C1,other
ampad,C1,other
ampal,C1,other
amparan,C1,other
ampato,C1,other
ampco,C1,other
amperage,C1,other
ampere,C1,other
amperes,C1,other
ampersand,C1,other
